date,stock_id,Trading_Volume,Trading_money,open,max,min,close,spread,Trading_turnover
2019-01-02,2330,32900482,7276419230,226.5,226.5,219.0,219.5,-6.0,12329
2019-01-03,2330,34615620,7459051790,214.0,218.0,214.0,215.5,-4.0,14549
2019-01-04,2330,67043521,13987136785,211.5,211.5,206.5,208.0,-7.5,28786
2019-01-07,2330,35695176,7591116569,212.0,214.0,211.0,213.0,5.0,11224
2019-01-08,2330,23794481,5019703557,212.0,212.5,210.0,211.0,-2.0,9377
2019-01-09,2330,51255446,11006827093,212.0,216.5,211.0,215.5,4.5,14098
2019-01-10,2330,20832593,4491377349,216.0,216.5,214.5,216.0,0.5,6018
2019-01-11,2330,28658288,6296719320,219.0,220.5,218.0,220.5,4.5,11198
2019-01-14,2330,17612296,3844735324,218.5,220.0,217.0,218.5,-2.0,6469
2019-01-15,2330,42990923,9399209983,216.5,221.0,215.5,221.0,2.5,11609
2019-01-16,2330,30038282,6563789758,218.5,220.0,217.5,217.5,-3.5,8950
2019-01-17,2330,21163986,4646131841,218.0,221.0,218.0,220.5,3.0,8288
2019-01-18,2330,52677569,11530053787,219.0,220.0,217.5,218.5,-2.0,15157
2019-01-21,2330,32515866,7208829658,220.0,223.0,220.0,221.0,2.5,10549
2019-01-22,2330,30958483,6854867566,220.0,223.0,219.0,223.0,2.0,8258
2019-01-23,2330,18671213,4121110926,221.5,222.0,220.0,220.5,-2.5,7059
2019-01-24,2330,31348924,6958753608,222.5,222.5,220.5,222.5,2.0,6291
2019-01-25,2330,48039764,10870045150,226.5,227.0,225.0,226.0,3.5,14979
2019-01-28,2330,29134257,6665379096,229.5,229.5,228.0,229.0,3.0,10189
2019-01-29,2330,42566520,9486156460,222.5,225.0,222.0,222.5,-6.5,13344
2019-01-30,2330,51889945,11453957730,220.5,221.5,220.0,221.0,-1.5,12858
2019-02-11,2330,81360106,18546167132,228.0,229.0,226.5,228.0,7.0,21689
2019-02-12,2330,30125670,6921488930,230.0,230.0,229.0,230.0,2.0,13313
2019-02-13,2330,28634925,6575201825,232.0,232.0,228.5,229.0,-1.0,10230
2019-02-14,2330,23647751,5392943977,229.5,230.0,226.0,227.0,-2.0,6873
2019-02-15,2330,22369799,5093773373,229.0,229.0,226.5,227.0,0.0,5743
2019-02-18,2330,18163916,4169729625,229.0,230.5,228.5,230.0,3.0,7035
2019-02-19,2330,18423023,4228108427,230.0,230.5,229.0,229.0,-1.0,6471
2019-02-20,2330,31887710,7430197670,231.5,234.5,231.0,234.5,5.5,14241
2019-02-21,2330,34013489,8013908284,235.5,236.5,234.5,236.5,2.0,11443
2019-02-22,2330,22032163,5187054985,235.5,236.5,234.0,236.5,0.0,6913
2019-02-25,2330,25227138,5995746054,237.5,239.0,236.0,238.0,1.5,8527
2019-02-26,2330,24586789,5864298571,239.0,240.0,236.5,239.5,1.5,7994
2019-02-27,2330,37947889,9052540803,238.5,239.5,237.0,239.0,-0.5,9931
2019-03-04,2330,45164513,10691130829,239.5,239.5,234.5,235.5,-3.5,13323
2019-03-05,2330,23708407,5533050748,234.0,234.5,232.5,233.0,-2.5,8706
2019-03-06,2330,20811226,4872352124,235.0,235.5,233.5,234.0,1.0,7090
2019-03-07,2330,17226192,4029782428,235.0,235.0,233.0,234.0,0.0,5768
2019-03-08,2330,22535659,5183171608,231.0,231.5,229.0,230.0,-4.0,8931
2019-03-11,2330,34282793,7835079913,228.0,230.5,227.5,230.5,0.5,7451
2019-03-12,2330,23839972,5601351324,233.0,237.0,232.5,235.5,5.0,9253
2019-03-13,2330,22493195,5308051755,234.0,237.0,234.0,237.0,1.5,6269
2019-03-14,2330,17281356,4077045380,239.0,239.0,234.0,234.5,-2.5,6564
2019-03-15,2330,34542729,8231572752,237.0,239.5,235.5,239.0,4.5,8872
2019-03-18,2330,27040532,6493129050,239.5,241.0,239.0,241.0,2.0,10690
2019-03-19,2330,14620009,3496720720,239.0,240.5,238.0,240.5,-0.5,7105
2019-03-20,2330,23055971,5563557011,242.0,242.0,239.5,242.0,1.5,6757
2019-03-21,2330,27514502,6710510004,242.5,245.5,241.0,245.5,3.5,11071
2019-03-22,2330,22996467,5680726299,248.0,248.5,244.5,248.5,3.0,10485
2019-03-25,2330,19273254,4662705968,240.5,243.5,240.5,241.5,-7.0,8468
2019-03-26,2330,21053170,5109273236,243.0,244.0,241.0,244.0,2.5,6630
2019-03-27,2330,23622089,5703467700,242.0,242.5,240.5,241.5,-2.5,7603
2019-03-28,2330,13998054,3379510718,240.5,242.5,240.0,242.0,0.5,3948
2019-03-29,2330,31024810,7568601014,243.0,245.5,240.5,245.5,3.5,6712
2019-04-01,2330,35330656,8758161220,251.0,251.0,245.0,245.5,0.0,13292
2019-04-02,2330,25189053,6226523038,249.5,249.5,246.0,246.0,0.5,9171
2019-04-03,2330,28581323,7075597562,249.0,249.0,246.5,246.5,0.5,8067
2019-04-08,2330,46426821,11682512762,251.0,253.0,250.5,253.0,6.5,16430
2019-04-09,2330,22745674,5760337782,253.0,254.0,252.0,254.0,1.0,8323
2019-04-10,2330,33174934,8403528302,253.0,254.5,252.0,254.0,0.0,9992
2019-04-11,2330,25146840,6347861680,253.0,254.0,251.5,252.0,-2.0,8284
2019-04-12,2330,13888148,3496444666,251.5,253.0,251.0,252.0,0.0,4931
2019-04-15,2330,17257002,4403988510,255.0,256.0,254.0,255.5,3.5,6739
2019-04-16,2330,20231648,5185697928,257.0,257.0,255.5,257.0,1.5,7676
2019-04-17,2330,39037191,10202504410,260.0,263.0,259.5,261.5,4.5,13486
2019-04-18,2330,48525490,12836006732,264.0,266.0,263.5,264.5,3.0,12208
2019-04-19,2330,47698699,12712409558,269.0,269.5,263.5,264.5,0.0,14431
2019-04-22,2330,24967393,6635995145,266.5,267.5,265.0,266.0,1.5,8527
2019-04-23,2330,26251847,7017363629,266.5,268.0,266.0,268.0,2.0,9394
2019-04-24,2330,37386755,10044241090,270.0,270.0,267.5,269.0,1.0,9687
2019-04-25,2330,36572455,9800038536,268.5,269.0,267.0,267.5,-1.5,7331
2019-04-26,2330,51743804,13459329059,262.0,263.0,257.5,260.0,-7.5,16674
2019-04-29,2330,32651618,8477117257,260.0,262.0,258.5,259.5,-0.5,10407
2019-04-30,2330,40446419,10484399861,260.0,260.5,258.0,259.0,-0.5,10939
2019-05-02,2330,27376394,7122135656,261.5,262.5,258.5,259.0,0.0,9110
2019-05-03,2330,30200246,7940572444,262.0,265.0,260.5,265.0,6.0,10068
2019-05-06,2330,33688187,8717053470,260.0,260.0,258.0,259.0,-6.0,12535
2019-05-07,2330,25686126,6719199455,259.5,263.0,259.0,262.5,3.5,8339
2019-05-08,2330,25902364,6750083504,260.0,261.5,259.5,260.0,-2.5,7905
2019-05-09,2330,34166574,8798140796,259.5,259.5,256.0,256.5,-3.5,10995
2019-05-10,2330,18868212,4844594484,257.0,259.0,255.0,256.0,-0.5,8009
2019-05-13,2330,29317535,7374249589,253.0,254.0,249.5,250.5,-5.5,11974
2019-05-14,2330,45620708,11345067455,247.5,251.0,245.0,248.5,-2.0,14283
2019-05-15,2330,37223479,9327051888,251.0,252.0,249.0,249.0,0.5,12041
2019-05-16,2330,30331519,7520908612,248.5,249.5,246.0,247.0,-2.0,11402
2019-05-17,2330,40006856,9775372898,249.0,249.0,241.5,241.5,-5.5,15217
2019-05-20,2330,47097661,11303513908,242.5,243.0,238.0,238.0,-3.5,13099
2019-05-21,2330,82872775,19418705158,233.5,236.0,232.5,234.0,-4.0,25418
2019-05-22,2330,36289034,8669172710,236.5,240.5,235.5,238.0,4.0,14019
2019-05-23,2330,62258627,14379543985,233.5,233.5,230.0,230.0,-8.0,24974
2019-05-24,2330,38226789,8866253632,230.0,234.0,230.0,233.0,3.0,14586
2019-05-27,2330,37447033,8697538216,234.0,235.0,231.0,231.0,-2.0,13895
2019-05-28,2330,99322033,22910765567,232.0,232.0,230.5,230.5,-0.5,10122
2019-05-29,2330,32260236,7385029780,228.0,230.5,227.0,229.5,-1.0,10233
2019-05-30,2330,40375328,9292745636,230.0,231.5,229.0,231.0,1.5,8772
2019-05-31,2330,49163217,11559578381,232.0,237.5,231.0,235.5,4.5,14365
2019-06-03,2330,36687092,8651389851,235.5,238.5,232.0,238.0,2.5,8857
2019-06-04,2330,24443428,5745045809,237.5,238.0,233.0,233.0,-5.0,11779
2019-06-05,2330,35901584,8461930934,238.0,238.0,234.0,235.0,2.0,12064
2019-06-06,2330,34651731,8008768323,231.5,232.0,229.5,232.0,-3.0,14723
2019-06-10,2330,35521888,8442986620,237.5,240.0,234.5,240.0,8.0,15588
2019-06-11,2330,34691670,8448805962,240.0,246.0,239.0,244.5,4.5,13157
2019-06-12,2330,30409556,7469805086,244.5,247.5,243.0,246.0,1.5,11457
2019-06-13,2330,33731724,8136137708,242.5,244.0,240.0,240.0,-6.0,13552
2019-06-14,2330,35403556,8396819832,238.5,239.5,236.0,236.0,-4.0,14911
2019-06-17,2330,51692012,12043369475,231.5,235.0,230.5,233.0,-3.0,20943
2019-06-18,2330,28798087,6758454612,234.0,235.5,233.0,235.5,2.5,9681
2019-06-19,2330,50234372,12181979568,242.5,244.0,240.5,244.0,8.5,20528
2019-06-20,2330,39717291,9697726719,242.0,245.5,241.0,245.0,1.0,13879
2019-06-21,2330,62136304,15398139830,248.0,248.5,246.0,248.5,3.5,19049
2019-06-24,2330,43460507,10476936660,241.0,242.0,240.0,241.0,0.0,17780
2019-06-25,2330,29735283,7118002390,241.0,241.5,237.0,238.5,-2.5,11130
2019-06-26,2330,28770041,6757991717,235.0,236.5,234.0,234.5,-4.0,13535
2019-06-27,2330,42007834,10063332494,236.0,241.5,236.0,240.5,6.0,14983
2019-06-28,2330,28085212,6715488371,241.5,241.5,238.0,239.0,-1.5,8987
2019-07-01,2330,66370875,16445222750,245.5,250.0,245.0,248.5,9.5,29551
2019-07-02,2330,26832202,6671951743,249.5,250.0,247.5,249.0,0.5,12531
2019-07-03,2330,29549774,7190777082,244.0,245.0,242.0,242.5,-6.5,16033
2019-07-04,2330,18691240,4561556160,244.5,245.0,242.5,244.0,1.5,8565
2019-07-05,2330,27317074,6624379927,244.5,245.0,241.5,243.0,-1.0,9013
2019-07-08,2330,29190909,7057462187,240.0,244.5,240.0,242.5,-0.5,10552
2019-07-09,2330,16538987,3998096596,241.5,243.0,240.5,242.0,-0.5,6486
2019-07-10,2330,23812131,5839691357,243.0,247.0,243.0,247.0,5.0,12366
2019-07-11,2330,31296289,7809358257,250.0,250.0,247.5,250.0,3.0,14360
2019-07-12,2330,23868432,5984689000,252.0,252.0,249.5,250.5,0.5,8363
2019-07-15,2330,34264300,8663129910,251.0,254.5,249.5,254.5,4.0,12174
2019-07-16,2330,26141249,6678755679,254.0,256.5,253.5,256.0,1.5,8994
2019-07-17,2330,34346648,8686815824,254.0,254.0,251.0,252.0,-4.0,11106
2019-07-18,2330,20908575,5300082470,252.0,254.5,251.5,254.0,2.0,8245
2019-07-19,2330,59879798,15573278932,259.5,261.0,259.0,259.0,5.0,21827
2019-07-22,2330,31863639,8385222407,263.0,264.0,262.0,264.0,5.0,13424
2019-07-23,2330,29273223,7734089131,265.5,266.5,262.5,264.0,0.0,12791
2019-07-24,2330,24511039,6484708226,266.5,266.5,263.0,265.0,1.0,10617
2019-07-25,2330,30698545,8091922380,264.0,265.0,261.5,265.0,0.0,10643
2019-07-26,2330,20768071,5434082968,261.0,262.5,261.0,261.0,-4.0,8850
2019-07-29,2330,18473320,4822762518,260.0,262.0,259.5,261.0,0.0,6681
2019-07-30,2330,22895612,5975389270,262.5,263.0,260.0,260.0,-1.0,7191
2019-07-31,2330,36365601,9413416604,260.0,260.0,257.0,259.5,-0.5,10468
2019-08-01,2330,30107526,7722031382,257.5,257.5,255.5,256.5,-3.0,11372
2019-08-02,2330,54165644,13627068452,252.0,253.5,250.5,251.5,-5.0,18096
2019-08-05,2330,52835721,13092403583,251.0,252.0,245.5,246.5,-5.0,20136
2019-08-06,2330,58916879,14440787992,240.0,250.0,240.0,248.5,2.0,22358
2019-08-07,2330,29435460,7305272500,250.0,250.5,246.5,248.0,-0.5,11208
2019-08-08,2330,30140266,7599200564,248.0,254.0,248.0,253.5,5.5,11228
2019-08-12,2330,24732603,6242935989,254.5,254.5,251.0,251.0,-2.5,8415
2019-08-13,2330,25045107,6204239476,249.0,249.5,246.5,246.5,-4.5,11377
2019-08-14,2330,36336703,9142333535,252.5,254.0,249.5,249.5,3.0,13609
2019-08-15,2330,28277412,6994442633,247.0,248.5,246.0,248.0,-1.5,10852
2019-08-16,2330,25696715,6420744887,249.5,252.0,248.0,250.0,2.0,8994
2019-08-19,2330,25098514,6326683127,251.5,253.0,250.5,252.0,2.0,9398
2019-08-20,2330,20620494,5233263533,254.0,254.5,252.5,254.5,2.5,8214
2019-08-21,2330,20269296,5152545480,254.5,255.0,253.0,254.5,0.0,7383
2019-08-22,2330,22136840,5659296700,257.0,257.5,254.0,254.0,-0.5,8794
2019-08-23,2330,14772877,3748071178,253.5,254.5,253.0,254.0,0.0,5663
2019-08-26,2330,31740620,7910873500,249.0,250.5,248.5,248.5,-5.5,13388
2019-08-27,2330,53664951,13410582151,250.5,251.0,248.5,250.0,1.5,8939
2019-08-28,2330,15280882,3852096070,250.5,253.0,250.5,252.0,2.0,6829
2019-08-29,2330,20085767,5078703588,253.0,254.0,251.0,254.0,2.0,6596
2019-08-30,2330,35299201,9092482858,256.5,259.0,256.0,259.0,5.0,13703
2019-09-02,2330,14776854,3800453292,258.0,258.0,256.0,257.5,-1.5,7608
2019-09-03,2330,26086495,6642868555,256.5,258.0,253.0,254.0,-3.5,11210
2019-09-04,2330,23697733,6081456520,254.0,258.0,254.0,257.5,3.5,9291
2019-09-05,2330,49041728,12869665251,263.0,263.0,260.5,263.0,5.5,22796
2019-09-06,2330,26609515,7016868801,265.0,265.0,263.0,263.5,0.5,11957
2019-09-09,2330,17317833,4585545966,265.5,266.0,263.5,265.0,1.5,8762
2019-09-10,2330,30019866,7862297242,263.5,264.0,260.5,261.5,-3.5,11831
2019-09-11,2330,36266015,9508884445,264.0,264.5,260.5,263.0,1.5,12058
2019-09-12,2330,38792293,10198483555,265.0,265.0,261.5,262.5,-0.5,8282
2019-09-16,2330,38913966,10258240252,262.0,265.5,261.5,265.5,3.0,11120
2019-09-17,2330,30069844,7979032930,266.5,266.5,264.5,265.0,-0.5,9222
2019-09-18,2330,51360759,13754334364,267.0,269.5,266.5,267.0,2.0,17993
2019-09-19,2330,27165567,7216457755,268.0,268.0,264.0,265.0,0.0,10194
2019-09-20,2330,44555865,11785924559,266.0,266.5,264.0,264.0,-1.0,9109
2019-09-23,2330,14220208,3749146092,264.0,264.0,263.0,264.0,0.0,5647
2019-09-24,2330,24304943,6419420695,263.5,265.5,262.0,265.0,1.0,9180
2019-09-25,2330,23244163,6144037875,262.5,266.0,262.0,266.0,1.0,7145
2019-09-26,2330,34128103,9139219995,269.0,269.5,266.5,268.0,2.0,11861
2019-09-27,2330,44242817,12021629536,271.5,272.5,271.0,272.0,4.0,16626
2019-10-01,2330,75248890,20886838992,273.0,280.5,273.0,280.0,8.0,26648
2019-10-02,2330,30572953,8553297334,280.0,281.0,279.0,279.5,-0.5,12294
2019-10-03,2330,35874864,9891620358,274.0,277.5,274.0,276.5,-3.0,12853
2019-10-04,2330,35814613,9924872301,279.5,280.0,275.0,276.5,0.0,13780
2019-10-07,2330,17750230,4944376000,279.0,279.5,277.5,278.0,1.5,7757
2019-10-08,2330,39868551,11341522526,283.5,286.5,282.5,286.5,8.5,16721
2019-10-09,2330,34895456,9890256397,283.5,286.0,282.0,282.0,-4.5,14567
2019-10-14,2330,53403517,15508059122,291.5,291.5,288.5,290.0,8.0,17812
2019-10-15,2330,54754830,16088110873,293.5,296.0,292.0,293.5,3.5,15485
2019-10-16,2330,42917144,12670374493,298.0,298.0,293.5,296.5,3.0,16650
2019-10-17,2330,41920938,12296120182,295.0,295.5,292.0,293.5,-3.0,15170
2019-10-18,2330,45460984,13299843176,293.0,295.5,291.0,293.0,-0.5,18000
2019-10-21,2330,35860365,10389254035,291.0,291.0,288.5,290.0,-3.0,14682
2019-10-22,2330,26525020,7767636380,292.5,294.0,291.5,294.0,4.0,10186
2019-10-23,2330,30382408,8877572772,293.5,293.5,290.5,293.0,-1.0,11753
2019-10-24,2330,29040827,8488069650,294.5,294.5,291.0,293.0,0.0,10649
2019-10-25,2330,25082711,7362074526,294.5,294.5,292.5,293.5,0.5,11064
2019-10-28,2330,20216561,5958714595,295.0,295.5,294.0,294.5,1.0,9257
2019-10-29,2330,37130131,11044649541,297.0,298.5,296.5,298.5,4.0,14060
2019-10-30,2330,32370342,9646551600,298.5,299.5,296.5,299.5,1.0,11084
2019-10-31,2330,43123514,12921309531,300.0,301.5,298.5,298.5,-1.0,12997
2019-11-01,2330,30216678,8998151212,299.5,299.5,296.5,299.0,0.5,10241
2019-11-04,2330,45155671,13767873778,302.5,308.0,301.0,307.0,8.0,18475
2019-11-05,2330,32253184,9965563625,307.5,310.5,307.0,310.5,3.5,13698
2019-11-06,2330,22149743,6864516290,309.0,311.5,308.0,311.0,0.5,9660
2019-11-07,2330,28453659,8769417841,310.0,310.0,306.5,309.0,-2.0,12277
2019-11-08,2330,26230542,8040782450,308.5,309.0,305.5,305.5,-3.5,12740
2019-11-11,2330,35285583,10660082266,305.0,305.0,300.0,301.0,-4.5,15246
2019-11-12,2330,19016708,5774255431,302.5,305.0,302.0,305.0,4.0,8957
2019-11-13,2330,18422438,5583245970,303.0,304.0,301.5,304.0,-1.0,6039
2019-11-14,2330,15734835,4776767840,304.5,305.0,302.0,303.5,-0.5,6219
2019-11-15,2330,29038445,8891701115,305.5,307.5,304.5,307.0,3.5,8672
2019-11-18,2330,18741325,5796331075,308.5,311.0,307.0,311.0,4.0,8420
2019-11-19,2330,33096197,10365611120,312.5,315.0,311.0,315.0,4.0,11121
2019-11-20,2330,24538973,7681229345,314.0,314.0,312.0,313.5,-1.5,9143
2019-11-21,2330,30163833,9329845096,309.5,311.0,307.0,311.0,-2.5,11638
2019-11-22,2330,26492984,8188665024,310.0,310.5,308.0,309.0,-2.0,9407
2019-11-25,2330,19855177,6133713443,310.5,310.5,307.0,307.0,-2.0,8067
2019-11-26,2330,101916622,31332308518,310.0,310.5,307.0,307.0,0.0,10321
2019-11-27,2330,18527648,5732316828,307.5,311.5,307.5,311.0,4.0,7916
2019-11-28,2330,19718982,6111322584,310.0,312.0,308.5,309.5,-1.5,9289
2019-11-29,2330,32423561,9922872967,309.0,309.5,305.0,305.0,-4.5,15368
2019-12-02,2330,25516807,7844458306,307.0,308.0,306.5,307.5,2.5,8465
2019-12-03,2330,27686319,8472595177,305.0,307.0,305.0,307.0,-0.5,9206
2019-12-04,2330,34911686,10652239802,305.0,306.0,304.0,306.0,-1.0,9989
2019-12-05,2330,39349842,12240671524,309.0,312.0,309.0,312.0,6.0,13587
2019-12-06,2330,18402703,5771010050,315.0,316.0,311.0,313.0,1.0,8974
2019-12-09,2330,23556081,7433484496,314.0,316.5,314.0,316.0,3.0,10583
2019-12-10,2330,20847594,6540475540,315.0,315.5,312.5,313.5,-2.5,8702
2019-12-11,2330,34329148,10866410212,314.0,319.0,313.0,319.0,5.5,11689
2019-12-12,2330,52801851,17446169339,325.0,334.5,324.0,331.5,12.5,22555
2019-12-13,2330,60843939,20697194061,340.0,343.0,338.0,339.0,7.5,23025
2019-12-16,2330,48340188,16272523200,336.5,338.5,336.0,336.0,-3.0,16938
2019-12-17,2330,41428458,14153896438,335.0,345.0,335.0,345.0,9.0,16808
2019-12-18,2330,42486841,14594689501,341.5,345.0,341.5,344.5,-0.5,15836
2019-12-19,2330,55667012,18774880620,340.0,342.0,335.0,335.0,0.0,28105
2019-12-20,2330,86280459,28483237354,332.0,333.0,328.5,329.0,-6.0,28112
2019-12-23,2330,26911340,8923609754,329.5,334.0,329.5,334.0,5.0,12310
2019-12-24,2330,13783907,4591661991,334.0,334.5,332.0,332.0,-2.0,7887
2019-12-25,2330,12262954,4075131136,332.0,334.5,331.0,333.0,1.0,7597
2019-12-26,2330,11427884,3803665702,333.0,334.0,331.5,333.0,0.0,6439
2019-12-27,2330,16677806,5624251712,335.0,338.0,335.0,338.0,5.0,8660
2019-12-30,2330,21591263,7270827164,338.0,339.0,334.0,334.5,-3.5,10468
2019-12-31,2330,22950517,7614538961,331.0,333.5,331.0,331.0,-3.5,12253
2020-01-02,2330,33282120,11224165450,332.5,339.0,332.5,339.0,8.0,17160
2020-01-03,2330,42023268,14295651580,344.0,345.0,335.5,339.5,0.5,20545
2020-01-06,2330,45677057,15210531318,333.0,334.5,332.0,332.0,-7.5,22944
2020-01-07,2330,51746181,17053282011,332.5,333.0,326.5,329.5,-2.5,22362
2020-01-08,2330,37913748,12484410088,325.0,333.0,325.0,329.5,0.0,18228
2020-01-09,2330,32397504,10890847940,335.0,337.5,333.5,337.5,8.0,16793
2020-01-10,2330,27880115,9432320316,340.5,341.0,336.0,339.5,2.0,13296
2020-01-13,2330,30663332,10455852739,342.0,342.0,339.0,341.5,2.0,13457
2020-01-14,2330,30368993,10488360978,345.5,346.0,344.5,346.0,4.5,16339
2020-01-15,2330,54575274,18590754206,345.0,345.0,337.5,340.0,-6.0,20392
2020-01-16,2330,58217420,19431133895,330.0,336.5,330.0,334.5,-5.5,24721
2020-01-17,2330,53908097,17977119406,334.0,335.5,332.0,333.0,-1.5,23954
2020-01-20,2330,35551203,11865436839,334.0,335.5,333.0,333.0,0.0,15095
2020-01-30,2330,126820049,40734449874,326.0,326.0,316.5,316.5,-16.5,55603
2020-01-31,2330,62912055,20205365710,323.0,323.5,319.0,320.0,3.5,22639
2020-02-03,2330,59711849,18782694826,315.0,316.5,312.0,315.0,-5.0,26483
2020-02-04,2330,52208496,16882411296,319.0,326.0,318.0,325.0,10.0,22587
2020-02-05,2330,36601453,11985817083,329.0,329.5,324.5,327.5,2.5,16656
2020-02-06,2330,29659094,9803038836,329.5,332.5,329.0,332.5,5.0,14246
2020-02-07,2330,30055327,9869903253,330.0,330.5,326.0,328.0,-4.5,13075
2020-02-10,2330,30814424,10024967927,321.5,328.0,321.0,327.5,-0.5,14825
2020-02-11,2330,29062935,9629938182,330.5,332.5,330.0,331.5,4.0,12766
2020-02-12,2330,37612639,12593082711,333.5,336.0,333.0,335.0,3.5,17394
2020-02-13,2330,23217021,7805299096,338.0,338.0,335.0,335.0,0.0,12563
2020-02-14,2330,18326683,6155862838,337.0,337.0,334.5,335.0,0.0,7881
2020-02-17,2330,16145079,5354339726,331.5,333.0,330.5,331.5,-3.5,9747
2020-02-18,2330,64662604,20957801150,324.5,326.5,322.0,322.0,-9.5,36520
2020-02-19,2330,48856218,15881609046,322.5,327.0,322.0,326.5,4.5,16003
2020-02-20,2330,27061736,8832642641,328.0,329.0,325.0,325.5,-1.0,11695
2020-02-21,2330,22974534,7463007621,325.5,326.5,323.0,325.0,-0.5,9342
2020-02-24,2330,42946680,13754512932,319.5,321.5,319.5,320.0,-5.0,18902
2020-02-25,2330,38674011,12425785349,320.0,323.5,317.5,322.0,2.0,17366
2020-02-26,2330,60768362,19341695595,317.0,320.5,316.5,318.5,-3.5,24310
2020-02-27,2330,62401927,19756146876,319.0,320.0,315.0,316.0,-2.5,20633
2020-03-02,2330,86372942,26864484400,308.0,317.0,308.0,311.0,-5.0,35320
2020-03-03,2330,55169411,17534766696,318.5,320.0,316.0,317.5,6.5,20713
2020-03-04,2330,44745146,14304795666,322.0,322.0,317.0,320.5,3.0,16118
2020-03-05,2330,38223525,12392618100,325.0,326.0,323.0,323.0,2.5,15107
2020-03-06,2330,52807760,16733485610,320.0,320.5,315.0,315.0,-8.0,24175
2020-03-09,2330,88633277,27236002054,307.5,310.0,305.5,305.5,-9.5,44882
2020-03-10,2330,74869130,22727941511,301.5,309.0,301.0,307.0,1.5,30268
2020-03-11,2330,64923710,19913151529,309.0,310.5,302.0,302.0,-5.0,27176
2020-03-12,2330,114173351,33544278206,299.0,299.0,287.0,294.0,-8.0,56989
2020-03-13,2330,151268148,42448997546,275.0,294.0,272.5,290.0,-4.0,71990
2020-03-16,2330,103933228,29343288916,285.0,291.0,275.5,276.5,-13.5,51292
2020-03-17,2330,122409651,32936712540,265.0,276.5,265.0,268.0,-8.5,57123
2020-03-18,2330,118620643,31555231792,269.5,272.5,260.0,260.0,-8.0,53985
2020-03-19,2330,160811697,39559889553,252.0,253.0,235.5,248.0,0.0,77302
2020-03-20,2330,159179726,42110816042,258.5,270.0,256.0,270.0,22.0,69829
2020-03-23,2330,76963709,19851467203,257.0,262.5,252.0,255.0,-15.0,41621
2020-03-24,2330,82377933,22207033614,268.0,274.0,266.0,267.5,12.5,41077
2020-03-25,2330,80514199,22368633590,276.5,280.0,274.0,277.0,9.5,40932
2020-03-26,2330,54189633,15108299935,279.5,280.0,275.5,280.0,3.0,27648
2020-03-27,2330,69320306,19324060590,284.0,286.0,273.0,273.0,-7.0,36025
2020-03-30,2330,53403956,14205364184,263.5,269.0,262.5,267.5,-5.5,27779
2020-03-31,2330,53901923,14712557472,273.0,274.0,269.5,274.0,6.5,20343
2020-04-01,2330,47572034,13022612818,276.5,276.5,271.5,271.5,-2.5,19580
2020-04-06,2330,59712754,16324198154,273.0,275.5,270.0,275.5,4.0,19971
2020-04-07,2330,48887346,13817936851,283.5,284.0,280.5,283.0,7.5,24281
2020-04-08,2330,38698826,11016972354,285.0,285.5,283.0,285.0,2.0,19126
2020-04-09,2330,29276430,8346209654,287.5,288.0,282.5,283.0,-2.0,15271
2020-04-10,2330,28206858,7894277586,280.0,282.0,279.0,279.5,-3.5,15833
2020-04-13,2330,22196596,6202532380,278.5,281.5,278.5,278.5,-1.0,12809
2020-04-14,2330,50196688,14268689661,281.0,285.5,280.0,285.0,6.5,22214
2020-04-15,2330,58561434,16819851630,287.0,288.5,286.0,287.5,2.5,25696
2020-04-16,2330,48257280,13813721932,283.0,288.5,283.0,286.5,-1.0,19084
2020-04-17,2330,117447201,35719172728,303.5,308.5,300.5,306.5,20.0,60873
2020-04-20,2330,44586860,13605802989,308.0,309.0,302.5,304.0,-2.5,21791
2020-04-21,2330,61949357,18417786171,300.5,301.5,293.5,295.0,-9.0,39043
2020-04-22,2330,43568580,12746170556,294.5,295.0,290.5,294.0,-1.0,25176
2020-04-23,2330,39977278,11864085990,300.0,300.0,294.0,295.5,1.5,18541
2020-04-24,2330,26465090,7799075756,295.5,297.0,294.0,294.0,-1.5,13661
2020-04-27,2330,38493406,11461378300,298.0,298.5,296.0,298.0,4.0,15916
2020-04-28,2330,37621165,11134919970,298.5,298.5,294.5,296.5,-1.5,18214
2020-04-29,2330,46253301,13861245296,299.0,301.5,298.0,299.0,2.5,21633
2020-04-30,2330,58439085,17753466901,302.0,305.0,301.5,304.5,5.5,26219
2020-05-04,2330,72252861,21341931218,294.5,296.5,294.0,295.0,-9.5,37736
2020-05-05,2330,23988405,7104774785,296.5,298.0,295.0,295.5,0.5,13569
2020-05-06,2330,35704479,10524838077,294.5,296.0,292.5,296.0,0.5,16046
2020-05-07,2330,28017198,8321170642,294.5,299.0,294.5,297.5,1.5,13149
2020-05-08,2330,35613893,10619091212,300.0,300.0,296.0,297.5,0.0,14345
2020-05-11,2330,32379019,9729431840,300.0,301.5,298.5,301.0,3.5,14920
2020-05-12,2330,52494788,15553012596,297.5,298.5,295.0,295.0,-6.0,29073
2020-05-13,2330,46158418,13619538824,293.0,297.0,292.5,297.0,2.0,14555
2020-05-14,2330,34480948,10119787160,293.0,295.0,292.5,293.0,-4.0,21482
2020-05-15,2330,44304804,13170466660,297.5,298.5,294.5,298.0,5.0,20071
2020-05-18,2330,96872065,28216346996,291.0,293.5,290.0,290.0,-8.0,49640
2020-05-19,2330,53083214,15527338138,294.0,294.0,291.5,291.5,1.5,22033
2020-05-20,2330,36789994,10772280152,293.0,294.0,291.0,294.0,2.5,16906
2020-05-21,2330,36299468,10782482962,296.0,298.0,295.0,297.5,3.5,17064
2020-05-22,2330,41138923,12025339565,294.5,295.0,291.0,292.0,-5.5,22345
2020-05-25,2330,32942223,9568008388,290.5,293.0,288.5,292.0,0.0,14585
2020-05-26,2330,35817481,10609868646,295.0,297.5,293.5,295.5,3.5,19524
2020-05-27,2330,23375959,6932934823,297.0,298.0,295.5,296.5,1.0,11244
2020-05-28,2330,32395568,9575118830,298.5,298.5,293.0,294.0,-2.5,13208
2020-05-29,2330,96611181,28172174547,292.0,292.5,290.0,292.0,-2.0,21037
2020-06-01,2330,37936214,11205227094,294.0,296.5,293.5,295.5,3.5,15502
2020-06-02,2330,26663587,7908476089,296.0,297.5,296.0,296.5,1.0,9743
2020-06-03,2330,67894337,20354971677,300.0,301.0,298.0,301.0,4.5,33062
2020-06-04,2330,47225322,14414983532,305.0,306.0,304.0,306.0,5.0,24482
2020-06-05,2330,44077262,13655618646,308.5,312.0,308.0,311.5,5.5,24096
2020-06-08,2330,52042921,16500836851,316.0,319.0,315.0,318.0,6.5,28581
2020-06-09,2330,37068082,11746874522,316.5,319.0,314.0,319.0,1.0,19981
2020-06-10,2330,42207259,13566733306,319.0,324.0,318.0,322.5,3.5,22670
2020-06-11,2330,50612255,16340456218,325.5,327.0,318.5,320.5,-2.0,27061
2020-06-12,2330,46970918,14811252573,313.0,317.5,312.5,316.0,-4.5,25263
2020-06-15,2330,51032404,15955585136,316.0,317.5,308.5,309.5,-6.5,29255
2020-06-16,2330,40725216,12823172756,317.0,317.0,314.0,315.0,5.5,19377
2020-06-17,2330,34692968,10922017056,316.5,317.0,313.5,315.0,0.0,16218
2020-06-18,2330,35443474,11123108346,314.5,315.0,313.0,314.5,0.0,11897
2020-06-19,2330,48130280,15102300186,314.0,314.5,312.0,314.5,0.0,12915
2020-06-22,2330,37374616,11722688924,314.5,316.5,312.0,312.0,-2.5,18836
2020-06-23,2330,41300084,12981121544,316.0,316.5,312.5,315.0,3.0,15959
2020-06-24,2330,55464024,17641164202,319.0,320.0,316.0,317.5,2.5,27086
2020-06-29,2330,56672892,17695228688,314.0,315.0,310.0,312.0,-5.5,30558
2020-06-30,2330,49241860,15386428040,313.5,314.0,311.0,313.0,1.0,16165
2020-07-01,2330,29685342,9400765756,315.0,318.0,314.0,317.5,4.5,15617
2020-07-02,2330,37789178,12119073560,319.0,322.0,318.0,322.0,4.5,18355
2020-07-03,2330,55656987,18280314743,327.0,330.5,326.5,329.5,7.5,30235
2020-07-06,2330,57256220,19200718243,332.5,338.0,332.0,338.0,8.5,31866
2020-07-07,2330,59046323,20143258406,343.5,346.0,338.0,338.5,0.5,32076
2020-07-08,2330,33813218,11522915649,337.5,342.5,337.5,341.0,2.5,16673
2020-07-09,2330,37410376,12912747970,346.0,347.0,343.0,345.0,4.0,20205
2020-07-10,2330,60902108,21298923681,352.5,353.0,345.5,348.5,3.5,32227
2020-07-13,2330,49459523,17425372488,351.0,354.5,350.5,354.5,6.0,23217
2020-07-14,2330,63030150,22602878292,355.0,364.0,354.5,363.5,9.0,30996
2020-07-15,2330,75105362,27486789803,366.0,370.0,361.0,363.0,-0.5,37607
2020-07-16,2330,68582512,24506038172,359.0,361.0,353.5,357.5,-5.5,35598
2020-07-17,2330,66403485,24244495853,361.0,369.0,360.0,367.0,9.5,36729
2020-07-20,2330,44940238,16487970674,370.0,370.0,362.5,366.0,-1.0,23335
2020-07-21,2330,64440128,24491627162,372.5,387.0,371.5,383.0,17.0,40266
2020-07-22,2330,43959670,16844625030,381.0,386.0,379.0,384.0,1.0,25530
2020-07-23,2330,45397282,17302637512,382.0,383.0,379.0,381.5,-2.5,22916
2020-07-24,2330,90988734,35368857726,390.0,395.0,382.0,386.0,4.5,45099
2020-07-27,2330,103315640,43637877952,420.5,424.5,416.5,424.5,38.5,49294
2020-07-28,2330,172157746,77804668620,464.0,466.5,428.5,435.0,10.5,92239
2020-07-29,2330,88641166,37649278004,428.0,431.5,419.5,422.0,-13.0,53111
2020-07-30,2330,69936949,30329225735,436.5,441.0,428.5,434.0,12.0,36627
2020-07-31,2330,50484674,21567922126,426.0,432.0,425.5,425.5,-8.5,27653
2020-08-03,2330,77288571,32339719000,420.5,424.0,415.0,416.0,-9.5,43360
2020-08-04,2330,41697445,17600499460,421.5,425.5,418.5,425.5,9.5,22250
2020-08-05,2330,47460834,20356413204,430.5,433.5,426.0,429.0,3.5,24715
2020-08-06,2330,43443627,18877761758,437.5,438.0,431.0,435.0,6.0,22414
2020-08-07,2330,37611388,16218241255,433.5,434.0,428.0,433.0,-2.0,19739
2020-08-10,2330,36067500,15674843876,427.5,437.5,427.5,435.5,2.5,21342
2020-08-11,2330,34545313,14918017903,432.0,435.0,429.0,429.0,-6.5,20297
2020-08-12,2330,53980474,22721731886,422.0,423.5,419.0,419.0,-10.0,32761
2020-08-13,2330,45669335,19514322038,428.0,429.0,424.5,429.0,10.0,21499
2020-08-14,2330,24259947,10332447763,424.0,428.0,423.0,427.0,-2.0,12642
2020-08-17,2330,34607731,14930831216,427.0,435.0,425.5,435.0,8.0,20823
2020-08-18,2330,45504160,19824413320,440.0,440.5,432.0,433.0,-2.0,21119
2020-08-19,2330,31486800,13574970200,436.0,436.5,427.5,427.5,-5.5,18279
2020-08-20,2330,75155235,31353886930,427.0,427.5,401.0,415.0,-12.5,45670
2020-08-21,2330,41956467,17770610338,421.5,427.0,420.0,424.5,9.5,23059
2020-08-24,2330,49199406,21139093710,427.5,434.5,425.0,428.0,3.5,24672
2020-08-25,2330,37024899,16076146369,433.5,436.0,430.5,434.5,6.5,22035
2020-08-26,2330,41406340,18169230108,435.5,442.0,435.0,442.0,7.5,25305
2020-08-27,2330,57206712,25658355402,448.0,453.5,444.0,444.0,2.0,31575
2020-08-28,2330,57039210,24868453700,440.0,440.5,431.0,435.0,-9.0,35253
2020-08-31,2330,88569538,38106113563,437.0,439.5,426.5,426.5,-8.5,28294
2020-09-01,2330,50129577,21681382412,430.0,435.0,428.0,435.0,8.5,17137
2020-09-02,2330,42013407,18268716092,441.0,441.0,430.5,433.0,-2.0,20242
2020-09-03,2330,40683617,17768951582,439.5,439.5,433.5,436.0,3.0,17810
2020-09-04,2330,51349911,22051596821,427.0,432.5,427.0,429.0,-7.0,27893
2020-09-07,2330,39854584,17060627028,428.0,432.5,425.0,426.0,-3.0,20003
2020-09-08,2330,23714670,10208232440,428.0,433.0,427.5,431.0,5.0,12440
2020-09-09,2330,40727362,17312991408,425.0,428.0,423.0,427.0,-4.0,21740
2020-09-10,2330,35281921,15275112115,432.5,435.0,430.5,435.0,8.0,18244
2020-09-11,2330,34893469,15171902036,435.5,436.5,432.5,436.5,1.5,14647
2020-09-14,2330,39325833,17282659859,436.0,442.0,435.5,441.0,4.5,19854
2020-09-15,2330,39661449,17608049536,440.5,447.0,439.5,445.0,4.0,21845
2020-09-16,2330,70608238,32379722344,460.0,462.0,455.5,458.0,13.0,38172
2020-09-17,2330,44420506,20006793320,453.0,455.0,446.5,448.5,0.0,26718
2020-09-18,2330,52999922,23598268654,447.0,449.5,443.0,444.0,-4.5,20849
2020-09-21,2330,40193920,17842486882,443.5,450.0,440.0,440.0,-4.0,25834
2020-09-22,2330,36842639,16140184501,440.0,441.0,436.0,437.0,-3.0,22692
2020-09-23,2330,47426963,20592831368,436.0,438.5,432.0,433.5,-3.5,27828
2020-09-24,2330,82510381,35076048246,425.5,429.0,423.0,423.0,-10.5,54922
2020-09-25,2330,41263269,17522224043,427.0,428.0,421.0,424.0,1.0,23290
2020-09-28,2330,34427479,14758341446,427.0,431.5,424.5,431.5,7.5,19286
2020-09-29,2330,42730502,18419905574,432.5,435.0,428.0,431.0,-0.5,18647
2020-09-30,2330,28859204,12496613056,430.5,435.0,430.5,433.0,2.0,14203
2020-10-05,2330,33238832,14450407588,438.0,438.0,431.5,432.5,-0.5,18148
2020-10-06,2330,36276395,15935558262,441.5,442.0,437.5,439.5,7.0,20189
2020-10-07,2330,44691239,19693987093,435.0,445.0,435.0,443.0,3.5,24438
2020-10-08,2330,60853811,27461867933,450.0,454.0,448.5,453.0,10.0,37378
2020-10-12,2330,67645223,31061721030,458.0,462.0,457.5,460.0,7.0,36118
2020-10-13,2330,46303738,21346346714,465.0,465.0,456.5,462.0,2.0,25938
2020-10-14,2330,52677241,24157138176,460.5,461.0,457.0,459.0,-3.0,22599
2020-10-15,2330,49987278,22668836399,456.0,456.5,450.0,453.0,-6.0,23794
2020-10-16,2330,48274801,21775749575,451.0,456.0,448.5,449.0,-4.0,26602
2020-10-19,2330,34846906,15854021670,453.0,457.5,451.0,457.5,8.5,17112
2020-10-20,2330,26567638,12065806730,455.5,457.0,451.0,451.0,-6.5,12725
2020-10-21,2330,29906921,13561798906,453.5,456.0,451.0,453.0,2.0,15490
2020-10-22,2330,25285547,11435937453,450.0,455.0,449.5,455.0,2.0,10354
2020-10-23,2330,18777385,8516604326,458.0,458.0,451.5,452.0,-3.0,9909
2020-10-26,2330,15800622,7136001014,455.0,455.0,450.0,450.0,-2.0,17664
2020-10-27,2330,31795010,14213282507,447.5,448.5,445.5,447.0,-3.0,30644
2020-10-28,2330,26221663,11660544725,445.0,447.0,443.0,444.0,-3.0,35598
2020-10-29,2330,43075387,18832675652,436.5,439.5,435.5,437.0,-7.0,55027
2020-10-30,2330,49770771,21614729093,437.0,437.0,432.0,432.0,-5.0,46871
2020-11-02,2330,34539576,14901775161,433.0,435.5,428.0,435.5,3.5,35704
2020-11-03,2330,31461727,13852498196,439.5,443.0,438.0,441.0,5.5,21031
2020-11-04,2330,37929652,16969841989,444.5,451.5,443.0,450.0,9.0,30087
2020-11-05,2330,36539446,16404944484,451.5,451.5,445.5,451.0,1.0,24764
2020-11-06,2330,32644190,14788989058,455.0,455.5,450.0,452.5,1.5,20999
2020-11-09,2330,43415670,19865414906,458.0,460.0,454.0,458.5,6.0,27868
2020-11-10,2330,36786882,16610287996,452.0,454.5,448.5,451.0,-7.5,31009
2020-11-11,2330,40355804,18326545251,448.5,457.0,448.5,457.0,6.0,23150
2020-11-12,2330,57993774,26690353577,463.0,463.5,457.5,458.0,1.0,28011
2020-11-13,2330,31483881,14478873331,459.0,462.0,456.5,462.0,4.0,21663
2020-11-16,2330,83380911,39658459663,470.0,484.5,469.0,484.0,22.0,67363
2020-11-17,2330,75763870,37446278783,502.0,506.0,485.5,485.5,1.5,68560
2020-11-18,2330,56607501,27883387314,490.0,497.0,486.5,497.0,11.5,38186
2020-11-19,2330,47345316,23320435165,499.0,499.0,490.0,490.0,-7.0,40198
2020-11-20,2330,35242579,17191897556,486.0,490.0,486.0,488.0,-2.0,30557
2020-11-23,2330,43708352,21661263304,494.5,498.5,492.0,496.5,8.5,26794
2020-11-24,2330,38630079,19113408398,499.5,500.0,491.5,492.0,-4.5,34407
2020-11-25,2330,47179640,23142083458,495.0,495.5,487.0,487.0,-5.0,40066
2020-11-26,2330,31844322,15606951086,489.0,493.5,488.0,489.0,2.0,19587
2020-11-27,2330,35196829,17205872680,487.5,492.0,486.5,489.0,0.0,21314
2020-11-30,2330,149311778,72095050187,493.0,493.5,480.5,480.5,-8.5,49362
2020-12-01,2330,38341265,18719729411,489.5,490.0,483.5,490.0,9.5,24827
2020-12-02,2330,60208035,29970556095,499.5,500.0,493.5,499.0,9.0,35624
2020-12-03,2330,36919644,18369786608,499.5,499.5,495.0,497.0,-2.0,25651
2020-12-04,2330,54471042,27307472890,498.5,505.0,497.5,503.0,6.0,35708
2020-12-07,2330,45493551,23243392840,512.0,515.0,506.0,514.0,11.0,34767
2020-12-08,2330,41830257,21673267551,514.0,525.0,509.0,524.0,10.0,35895
2020-12-09,2330,46831705,24416275048,521.0,524.0,520.0,520.0,-4.0,31749
2020-12-10,2330,43991133,22516917355,511.0,515.0,510.0,512.0,-8.0,49079
2020-12-11,2330,51296611,26259941709,517.0,517.0,505.0,516.0,4.0,50929
2020-12-14,2330,30809747,15703026732,512.0,513.0,508.0,508.0,-8.0,33415
2020-12-15,2330,43059899,21780400998,507.0,510.0,504.0,504.0,-4.0,43967
2020-12-16,2330,53661282,27504184031,509.0,515.0,507.0,512.0,8.0,30574
2020-12-17,2330,39285785,20052530030,515.0,515.0,508.0,508.0,0.0,34785
2020-12-18,2330,40625502,20690792789,508.0,512.0,507.0,510.0,2.0,20638
2020-12-21,2330,35153138,18033402498,512.0,517.0,508.0,516.0,6.0,21765
2020-12-22,2330,25632245,13125205685,512.0,516.0,509.0,509.0,-7.0,25973
2020-12-23,2330,18320849,9321219765,508.0,511.0,506.0,509.0,0.0,16428
2020-12-24,2330,15218008,7759366699,511.0,512.0,508.0,510.0,1.0,12743
2020-12-25,2330,12581145,6449612552,514.0,515.0,510.0,511.0,1.0,14988
2020-12-28,2330,19520886,10023145125,512.0,515.0,509.0,515.0,4.0,16675
2020-12-29,2330,20226736,10409159045,515.0,517.0,513.0,515.0,0.0,17187
2020-12-30,2330,46705107,24306881615,516.0,525.0,514.0,525.0,10.0,33173
2020-12-31,2330,31173332,16437646054,526.0,530.0,524.0,530.0,5.0,25138
2021-01-04,2330,39489959,21127581248,530.0,540.0,528.0,536.0,6.0,33316
2021-01-05,2330,34839391,18761831567,536.0,542.0,535.0,542.0,6.0,28512
2021-01-06,2330,55614434,30572783229,555.0,555.0,541.0,549.0,7.0,55462
2021-01-07,2330,53392763,30018630685,554.0,570.0,553.0,565.0,16.0,47905
2021-01-08,2330,62957148,36339702855,580.0,580.0,571.0,580.0,15.0,56426
2021-01-11,2330,52771778,30535694908,577.0,584.0,574.0,584.0,4.0,49539
2021-01-12,2330,52605212,30958142918,583.0,597.0,582.0,591.0,7.0,59595
2021-01-13,2330,75707681,45419255149,595.0,605.0,593.0,605.0,14.0,59966
2021-01-14,2330,90309708,53477747672,587.0,597.0,587.0,592.0,-13.0,111849
2021-01-15,2330,100998199,61876473170,621.0,625.0,601.0,601.0,9.0,105961
2021-01-18,2330,50388664,30406611574,608.0,608.0,594.0,607.0,6.0,49008
2021-01-19,2330,52947466,32934404720,618.0,632.0,613.0,627.0,20.0,55490
2021-01-20,2330,95484470,61279319857,633.0,650.0,631.0,647.0,20.0,95577
2021-01-21,2330,97590371,64624578866,640.0,679.0,640.0,673.0,26.0,115004
2021-01-22,2330,134238314,88023707664,649.0,665.0,649.0,649.0,-24.0,235186
2021-01-25,2330,98608285,62583576696,642.0,646.0,626.0,633.0,-16.0,154134
2021-01-26,2330,114797609,71638808826,632.0,640.0,610.0,617.0,-16.0,177764
2021-01-27,2330,72823691,44931754892,618.0,625.0,611.0,615.0,-2.0,77274
2021-01-28,2330,104181514,62647021616,600.0,608.0,598.0,601.0,-14.0,157835
2021-01-29,2330,96875889,58399782288,619.0,619.0,591.0,591.0,-10.0,129394
2021-02-01,2330,70161939,42004241697,595.0,612.0,587.0,611.0,20.0,81346
2021-02-02,2330,80724207,50938461582,629.0,638.0,622.0,632.0,21.0,82687
2021-02-03,2330,59763227,37926170035,638.0,642.0,630.0,630.0,-2.0,56515
2021-02-04,2330,47547873,29765963971,626.0,632.0,620.0,627.0,-3.0,44668
2021-02-05,2330,57350831,36435290641,638.0,641.0,631.0,632.0,5.0,51140
2021-02-17,2330,115578402,76728732025,663.0,668.0,660.0,663.0,31.0,91925
2021-02-18,2330,54520341,36024245089,664.0,665.0,656.0,660.0,-3.0,49914
2021-02-19,2330,51651844,33676514428,656.0,657.0,647.0,652.0,-8.0,63171
2021-02-22,2330,39512078,25885948680,660.0,662.0,650.0,650.0,-2.0,47116
2021-02-23,2330,52868029,33779796222,641.0,643.0,633.0,641.0,-9.0,73349
2021-02-24,2330,80010637,50333904697,627.0,636.0,625.0,625.0,-16.0,138264
2021-02-25,2330,45279276,28634410089,636.0,636.0,628.0,635.0,10.0,46506
2021-02-26,2330,137933162,84194194399,611.0,618.0,606.0,606.0,-29.0,212428
2021-03-02,2330,57792973,35565213485,621.0,622.0,609.0,609.0,3.0,71325
2021-03-03,2330,61171387,37550028241,609.0,622.0,601.0,622.0,13.0,57677
2021-03-04,2330,75508388,45662897489,609.0,611.0,601.0,601.0,-21.0,143916
2021-03-05,2330,85579527,50968119396,588.0,605.0,584.0,601.0,0.0,127693
2021-03-08,2330,47676630,28737004484,608.0,610.0,598.0,598.0,-3.0,84570
2021-03-09,2330,74471341,43957092621,585.0,595.0,585.0,595.0,-3.0,119867
2021-03-10,2330,41735443,24904320192,601.0,601.0,593.0,597.0,2.0,54196
2021-03-11,2330,55462783,33584884382,596.0,612.0,595.0,609.0,12.0,47948
2021-03-12,2330,33876990,20780886905,615.0,618.0,609.0,614.0,5.0,36145
2021-03-15,2330,29767904,18194081208,614.0,614.0,609.0,611.0,-3.0,26753
2021-03-16,2330,37780820,23074187740,610.0,613.0,607.0,613.0,2.0,37573
2021-03-17,2330,43942131,26638906800,612.0,612.0,602.0,604.0,0.0,68585
2021-03-18,2330,30223846,18286667342,606.0,609.0,602.0,602.0,-2.0,31677
2021-03-19,2330,74960854,44407634402,594.0,598.0,591.0,591.0,-11.0,106938
2021-03-22,2330,35931375,21250445678,588.0,598.0,586.0,593.0,2.0,55005
2021-03-23,2330,31933358,19057386513,597.0,603.0,593.0,594.0,1.0,36423
2021-03-24,2330,115318351,66559451738,571.0,582.0,571.0,576.0,-18.0,242138
2021-03-25,2330,74225812,42594849855,572.0,581.0,570.0,575.0,-1.0,115951
2021-03-26,2330,37937242,22271364837,582.0,592.0,580.0,590.0,15.0,49718
2021-03-29,2330,40573913,24302039570,599.0,602.0,596.0,599.0,9.0,44500
2021-03-30,2330,34686346,20661203325,600.0,600.0,592.0,597.0,-2.0,46755
2021-03-31,2330,44454672,26217366895,596.0,597.0,587.0,587.0,-10.0,70527
2021-04-01,2330,45972766,27520742963,598.0,602.0,594.0,602.0,15.0,48170
2021-04-06,2330,37664216,23045132094,615.0,616.0,608.0,610.0,8.0,42422
2021-04-07,2330,28140964,17175949080,614.0,614.0,608.0,610.0,0.0,28395
2021-04-08,2330,26658283,16217570357,606.0,613.0,603.0,613.0,3.0,32098
2021-04-09,2330,31601619,19344167081,618.0,618.0,609.0,610.0,-3.0,28920
2021-04-12,2330,23319822,14155495430,612.0,613.0,603.0,605.0,-5.0,33422
2021-04-13,2330,27386926,16638680378,604.0,613.0,604.0,605.0,0.0,30438
2021-04-14,2330,31144922,18868308243,608.0,612.0,600.0,612.0,7.0,41234
2021-04-15,2330,36394255,22332532476,612.0,619.0,607.0,619.0,7.0,40541
2021-04-16,2330,49952191,30335377876,610.0,611.0,603.0,610.0,-9.0,67601
2021-04-19,2330,25234976,15224292755,605.0,607.0,601.0,603.0,-7.0,43094
2021-04-20,2330,36655069,21969721089,598.0,602.0,595.0,602.0,-1.0,54247
2021-04-21,2330,41893725,24933016553,599.0,599.0,592.0,592.0,-10.0,92840
2021-04-22,2330,38094824,22626436436,596.0,598.0,591.0,591.0,-1.0,64897
2021-04-23,2330,29004756,17336162729,592.0,602.0,590.0,602.0,11.0,29147
2021-04-26,2330,32426908,19673836650,605.0,610.0,603.0,610.0,8.0,35286
2021-04-27,2330,26761401,16274064043,608.0,611.0,605.0,610.0,0.0,25203
2021-04-28,2330,24601487,14833592900,606.0,608.0,601.0,602.0,-8.0,32198
2021-04-29,2330,35756460,21579514979,609.0,609.0,600.0,600.0,-2.0,30756
2021-05-03,2330,46801189,27676378065,595.0,597.0,588.0,588.0,-12.0,104468
2021-05-04,2330,45507479,26756714081,588.0,594.0,582.0,591.0,3.0,69833
2021-05-05,2330,31786592,18603594408,594.0,594.0,585.0,585.0,-6.0,52496
2021-05-06,2330,33165446,19405281385,590.0,590.0,580.0,587.0,2.0,69578
2021-05-07,2330,28719597,17131817777,594.0,600.0,589.0,599.0,12.0,30063
2021-05-10,2330,21365583,12626811276,596.0,597.0,588.0,589.0,-10.0,43154
2021-05-11,2330,66035839,37939364597,579.0,580.0,570.0,571.0,-18.0,184838
2021-05-12,2330,138328672,76325765887,567.0,571.0,518.0,560.0,-11.0,223058
2021-05-13,2330,71519430,39495488180,547.0,563.0,541.0,547.0,-13.0,105026
2021-05-14,2330,38625148,21474513930,556.0,562.0,552.0,557.0,10.0,52919
2021-05-17,2330,58446847,32066868553,544.0,558.0,541.0,549.0,-8.0,76808
2021-05-18,2330,44584258,25226153189,563.0,573.0,555.0,572.0,23.0,52152
2021-05-19,2330,29610174,16832735286,571.0,572.0,565.0,567.0,-5.0,34443
2021-05-20,2330,36605692,20670883290,567.0,571.0,560.0,567.0,0.0,32301
2021-05-21,2330,28009899,16016851343,572.0,577.0,568.0,573.0,6.0,27050
2021-05-24,2330,15981036,9090836697,570.0,572.0,566.0,568.0,-5.0,20189
2021-05-25,2330,35445350,20525932956,576.0,584.0,573.0,583.0,15.0,39032
2021-05-26,2330,19555305,11433686898,587.0,588.0,581.0,585.0,2.0,21034
2021-05-27,2330,70061002,40643804852,580.0,582.0,573.0,582.0,-3.0,37545
2021-05-28,2330,30720737,18082265480,587.0,592.0,582.0,590.0,8.0,31581
2021-05-31,2330,31557426,18751716595,595.0,597.0,590.0,597.0,7.0,29798
2021-06-01,2330,18405285,10985893229,598.0,599.0,595.0,598.0,1.0,20318
2021-06-02,2330,22416789,13362065937,600.0,600.0,593.0,595.0,-3.0,25170
2021-06-03,2330,31703679,18939839664,600.0,600.0,596.0,596.0,1.0,20749
2021-06-04,2330,16072580,9521252157,591.0,595.0,590.0,595.0,-1.0,19112
2021-06-07,2330,17729179,10471176330,594.0,595.0,583.0,592.0,-3.0,25364
2021-06-08,2330,14083552,8312653665,590.0,595.0,588.0,589.0,-3.0,14051
2021-06-09,2330,21575159,12618113390,586.0,588.0,583.0,586.0,-3.0,36405
2021-06-10,2330,29741770,17696413894,591.0,599.0,587.0,599.0,13.0,30487
2021-06-11,2330,24940705,15011140567,602.0,603.0,600.0,602.0,3.0,25271
2021-06-15,2330,30245897,18415370774,607.0,609.0,606.0,609.0,7.0,33515
2021-06-16,2330,28624508,17401326587,608.0,608.0,605.0,605.0,-4.0,25816
2021-06-17,2330,26477032,15924656516,601.0,606.0,598.0,606.0,0.0,21061
2021-06-18,2330,42036170,25373026235,608.0,608.0,601.0,603.0,-3.0,16899
2021-06-21,2330,47339695,27749202661,590.0,594.0,583.0,583.0,-20.0,109204
2021-06-22,2330,30578091,17786329582,585.0,588.0,578.0,578.0,-5.0,56057
2021-06-23,2330,36386023,21500052844,583.0,598.0,581.0,595.0,17.0,34454
2021-06-24,2330,19322765,11435647488,598.0,598.0,588.0,590.0,-5.0,18494
2021-06-25,2330,19140086,11355715486,598.0,598.0,589.0,591.0,1.0,16850
2021-06-28,2330,15401977,9056869217,590.0,590.0,586.0,590.0,-1.0,20825
2021-06-29,2330,30837548,18350027611,598.0,598.0,591.0,595.0,5.0,24078
2021-06-30,2330,34021380,20301841661,599.0,599.0,595.0,595.0,0.0,20097
2021-07-01,2330,18719706,11116195742,596.0,597.0,591.0,593.0,-2.0,20565
2021-07-02,2330,19633718,11562140245,590.0,593.0,587.0,588.0,-5.0,24056
2021-07-05,2330,30274105,17957255325,588.0,597.0,588.0,591.0,3.0,21836
2021-07-06,2330,13830591,8185167307,595.0,596.0,589.0,592.0,1.0,15751
2021-07-07,2330,17329148,10250342169,590.0,594.0,588.0,594.0,2.0,18023
2021-07-08,2330,21596183,12733045117,595.0,595.0,588.0,588.0,-6.0,23352
2021-07-09,2330,30602492,17821338170,582.0,585.0,580.0,584.0,-4.0,51232
2021-07-12,2330,33011596,19612592644,595.0,597.0,590.0,593.0,9.0,28636
2021-07-13,2330,54894335,33158730436,600.0,608.0,599.0,607.0,14.0,60121
2021-07-14,2330,39670241,24276719505,613.0,615.0,608.0,613.0,6.0,43173
2021-07-15,2330,23057868,14117908308,613.0,614.0,608.0,614.0,1.0,29913
2021-07-16,2330,61882128,36562482701,591.0,595.0,588.0,589.0,-25.0,86192
2021-07-19,2330,43248966,25135531384,583.0,584.0,578.0,582.0,-7.0,86753
2021-07-20,2330,16352855,9502338666,579.0,584.0,579.0,581.0,-1.0,27956
2021-07-21,2330,26476215,15440430690,586.0,586.0,580.0,585.0,4.0,32757
2021-07-22,2330,27075950,16014166571,589.0,594.0,587.0,591.0,6.0,23365
2021-07-23,2330,15705191,9206201715,592.0,592.0,583.0,585.0,-6.0,23635
